LegacyRef,Title,Description,Category,Priority,Status,BranchCode,RequesterEmail,DueDate
LEGACY-0001,Legacy online banking login failure,"Customer reports the legacy portal rejects valid credentials after the 2019 migration cutover. Password reset does not resolve the issue.",Technical Support,Critical,Open,NY02,employee1@bankportal.com,2026-11-15
LEGACY-0002,Statement copy for visa application,"Customer needs a certified statement covering 2018-2019 from the legacy statement archive for a visa application.",Account Services,Medium,Resolved,HQ01,employee2@bankportal.com,2026-10-20
LEGACY-0003,Damaged card replacement from legacy system,"Card was retained during the branch consolidation. Replacement card must ship to the address held in the legacy record.",Card Services,High,Closed,CH01,employee3@bankportal.com,2026-09-30
LEGACY-0004,Duplicate loan payment from legacy servicing,"Legacy servicing engine posted the September instalment twice. Refund of $412.55 requested.",Loan Services,Critical,InProgress,LA01,employee1@bankportal.com,2026-11-01
LEGACY-0005,Address update not carried over by migration,"Mailing address changed in the legacy system in 2019 but was not migrated to the new platform. Please sync from the scanned file.",General Inquiry,Low,Open,DA01,employee2@bankportal.com,2026-12-01
LEGACY-0006,International wire authorisation pending,"Legacy workflow left an international wire of $15,000 to a beneficiary in Germany awaiting dual authorisation.",Fraud & Security,Critical,Open,HQ01,employee3@bankportal.com,2026-10-28
LEGACY-0007,Overdraft fee waiver request,"Customer disputes an overdraft fee applied by the legacy system and requests a waiver as a goodwill gesture.",Account Services,Medium,Open,NY02,employee2@bankportal.com,2026-11-20
LEGACY-0008,Joint account holder addition,"Legacy system shows a joint account holder that was never migrated. Records need to be reconciled before the account can be closed.",Compliance,High,InProgress,CH01,employee1@bankportal.com,2026-10-31
LEGACY-0009,Business account upgrade inquiry,"Small business customer migrating from the legacy platform wants to upgrade to a business account with enhanced features.",General Inquiry,Low,Closed,LA01,employee3@bankportal.com,2026-09-15
LEGACY-0010,Unauthorised transaction dispute from 2019,"Three transactions totalling $847.23 were disputed on the legacy platform and never reached the new case management queue.",Fraud & Security,Critical,Resolved,DA01,employee1@bankportal.com,2026-10-05
